F-statistic,p-value,R2
10.761816604381853,0.001,0.1284811748437995
10.962710914419159,0.001,0.1305664240116442
7.979222031763339,0.001,0.09853418977813301
6.922930689158953,0.001,0.08662008048833982
7.4660610575813955,0.001,0.09278521850645445
8.387873320367138,0.001,0.1030604803660362
8.042147435066164,0.001,0.09923413544180597
8.340391226566135,0.001,0.10253689588650669
6.998860494177671,0.001,0.0874870023265775
9.279386778662412,0.001,0.11277899777771366
7.601299169113781,0.001,0.09430740257877356
9.040020903724754,0.001,0.11019037786854491
7.562052720399475,0.001,0.09386618718175553
7.079558259926258,0.001,0.08840655984823333
7.06593013317864,0.001,0.08825139633581275
6.626859083876797,0.001,0.08322391665475894
6.660553893992385,0.001,0.08361169447623804
5.83302349797431,0.001,0.07399213222012466
8.05846961607147,0.001,0.0994155164073529
7.203930410480873,0.001,0.08982016683735339
9.468545072337188,0.001,0.11481401865440774
8.98823142896732,0.001,0.1096283121651979
6.768995456928938,0.001,0.0848574739866674
5.358249168321061,0.001,0.06838143048361156
6.630480547582517,0.001,0.08326561012802791
6.865553394025219,0.001,0.0859638868355833
8.179209130594284,0.001,0.1007549743116647
7.598912059960432,0.001,0.09428057855554338
6.473492334631227,0.001,0.08145473596874199
7.44081270973294,0.001,0.09250046660496555
9.508092267898597,0.001,0.11523829974187765
6.966897767913875,0.001,0.08712227136950773
6.835359404590022,0.001,0.08561819544081657
7.081868143668161,0.001,0.08843285387602566
7.306972338978033,0.001,0.09098801917391548
8.199481106272707,0.001,0.10097947664888823
3.0048352433680274,0.006,0.03953479056623863
6.8716403313232135,0.001,0.0860335446075516
7.344119740774174,0.001,0.09140830423520187
6.600244677747394,0.001,0.0829173918304867
7.326040036247361,0.001,0.09120379932760864
7.808257678204531,0.001,0.09662697727376644
7.408975076632182,0.001,0.09214114555708744
5.727050294642412,0.001,0.07274564807405408
6.436156899133308,0.001,0.08102301458649153
9.97826016438437,0.001,0.12025149894221575
9.683614065532343,0.001,0.11711648281190788
10.090569645020441,0.001,0.12144061219136391
7.678727882314156,0.001,0.09517661078537451
6.092906100867596,0.001,0.07703479870997888
