F-statistic,p-value,R2
9.969612902247396,0.001,0.12015980976063287
9.25242585363956,0.001,0.11248818205196014
8.648441427776797,0.001,0.1059229212039141
9.832003909852386,0.001,0.11869812929496114
9.112831214197092,0.001,0.11097938141270068
9.126444328433772,0.001,0.1111267436824124
9.965755919713718,0.001,0.12011890700251823
10.298022011065655,0.001,0.1236286500260189
9.806659575468402,0.001,0.11842839242332677
9.574725107966158,0.001,0.11595224925601919
9.711146365520873,0.001,0.11741037081755501
9.10458557175126,0.001,0.11089009838305262
10.283199471953193,0.001,0.12347267560747599
9.30372487758754,0.001,0.11304135859495072
9.238901516730506,0.001,0.11234222911952396
9.417021452216714,0.001,0.1142606379881911
9.11053729964524,0.001,0.11095454492519319
10.06496768688363,0.001,0.12116982606703569
8.79952231457998,0.001,0.10757425062629675
10.149960898728565,0.001,0.12206813796449743
9.959826472414871,0.001,0.12005601862880742
11.426620486211087,0.001,0.13534381004954865
9.498060811285791,0.001,0.1151307160178297
9.150933727909143,0.001,0.11139171903045936
10.366783913925083,0.001,0.1243514914120788
9.365597806747337,0.001,0.11370764076431086
9.925567340010327,0.001,0.11969248638738454
9.994018412481841,0.001,0.12041853863264436
2.782897862725675,0.001,0.03672197740137438
10.277483581625969,0.001,0.1234125136784699
9.783191722111075,0.001,0.11817847945451979
10.226329075743042,0.001,0.12287372504963198
9.735464016504492,0.001,0.11766978202433738
9.37515935206218,0.001,0.1138105155219646
9.96060660751237,0.001,0.1200642933414906
9.183869400946246,0.001,0.11174783406876806
9.477776851229745,0.001,0.11491309796486629
9.689385786095977,0.001,0.11717810809673741
8.891713009925724,0.001,0.10857891089478125
9.20550645893034,0.001,0.1119816281836228
8.981464365276478,0.001,0.10955481747994499
9.949589729231004,0.001,0.11994742543886049
10.175446730240973,0.001,0.1223371455189477
9.491001995407618,0.001,0.11505499710060493
9.592402007918144,0.001,0.11614145823000184
10.092212812381783,0.001,0.12145798590259611
9.81299689586426,0.001,0.11849585528469539
10.099296797989783,0.001,0.1215328791835708
9.321710319731903,0.001,0.11323513910883308
9.942396288508453,0.001,0.11987110010572431
