F-statistic,p-value,R2
9.469382809379672,0.001,0.11482301051369903
9.072775204905367,0.001,0.1105454906606241
8.496721065513789,0.001,0.10425844076209427
10.558724815505872,0.001,0.1263629242645707
8.716246919185753,0.001,0.10666479736649909
9.257696572524553,0.001,0.11254504998644442
9.94401173157795,0.001,0.11988824176673053
9.965756873162514,0.001,0.12011891711417874
9.021063026378085,0.001,0.10998471238390191
9.231753931271356,0.001,0.11226507389088627
9.353680517819717,0.001,0.11357938660429105
9.467799159484434,0.001,0.11480601223726927
9.538558395852709,0.001,0.11556487757038401
9.521382661057219,0.001,0.1153807940926621
8.974245357040235,0.001,0.10947640100805754
9.07435289576184,0.001,0.11056258837991303
9.93018321706164,0.001,0.11974148412370386
8.259284816638537,0.001,0.10164112119957247
9.40334024911583,0.001,0.11411358108407173
8.827971240447269,0.001,0.1078845180519841
9.944481186884131,0.001,0.11989322308832084
9.854638401287238,0.001,0.1189388861195505
9.577287509829901,0.001,0.11597968156425376
10.199564213105132,0.001,0.12259155813581236
9.20794718716384,0.001,0.1120079931712684
11.15308603556987,0.001,0.1325332980760287
8.95810811089146,0.001,0.10930106022909786
9.604280803256923,0.001,0.11626856029570619
9.946549281810931,0.001,0.11991516666977341
10.631976701310492,0.001,0.12712812874532825
8.932450631375493,0.001,0.10902213424036009
9.570205270473204,0.001,0.11590385707682713
10.40141129892139,0.001,0.12471505142330738
10.037401906942996,0.001,0.12087808236331321
9.534694459761708,0.001,0.11552347194318596
9.164445741682975,0.001,0.11153785142657811
10.090084486445033,0.001,0.12143548232991731
9.280008948643239,0.001,0.11278570660384282
9.697790757914818,0.001,0.11726783350601981
9.910268902598887,0.001,0.11953005380119135
9.899974207490782,0.001,0.11942071517069576
9.147866100256357,0.001,0.11135853594896739
9.018007178115537,0.001,0.1099515519626252
10.199099270172098,0.001,0.12258665489938304
10.05889431807876,0.001,0.12110556492068932
9.826777447492315,0.001,0.11864251816053037
9.640274931142885,0.001,0.11665347119398267
10.011415922720914,0.001,0.12060288107892286
9.381353302454537,0.001,0.11387714484383228
9.477130448881702,0.001,0.11490616122678408
