F-statistic,p-value,R2
10.016905404165245,0.001,0.12066103109238112
9.615849553834297,0.001,0.11639230977790041
10.952932910707501,0.001,0.13046516102489308
10.050220158268646,0.001,0.12101376900766742
10.668476829645709,0.001,0.12750891654651966
8.743994190564068,0.001,0.10696803205113523
10.496952950759056,0.001,0.1257165989871446
9.253983711103237,0.001,0.11250499116985707
9.6695627217899,0.001,0.1169664191200713
8.53454962969493,0.001,0.10467402675867164
10.025918421364965,0.001,0.12075648920235259
10.667675922571242,0.001,0.12750056464390683
10.36437370525106,0.001,0.12432617489451872
9.581655133452518,0.001,0.11602643611306286
9.475983355095796,0.001,0.11489385115055219
10.462902434544791,0.001,0.1253599159548789
9.325916717520208,0.001,0.11328044787548062
9.551708474120318,0.001,0.11570576370463304
10.20980259001246,0.001,0.12269951703067647
9.637724706969218,0.001,0.1166262108636738
8.001797055952162,0.001,0.09878542633350348
9.382721723761621,0.001,0.11389186382094689
9.96695590705411,0.001,0.1201316331072801
10.118824653609332,0.001,0.12173926539239067
10.814514466837329,0.001,0.12902913696548682
10.181332401092357,0.001,0.12239924640782326
9.605961261248208,0.001,0.11628653809703343
8.923334664721263,0.001,0.10892299124835221
9.655218905969717,0.001,0.11681317929789398
9.638504093799442,0.001,0.1166345422087891
9.570672684249729,0.001,0.1159088617437814
10.355166080967294,0.001,0.12422944572995957
9.290993639801,0.001,0.11290413724336539
8.654774422626959,0.001,0.10599226418570175
9.523368618581184,0.001,0.11540208280393532
9.255574005033063,0.001,0.11252214961707922
9.015196434884317,0.001,0.10992104910755046
9.174190568260274,0.001,0.11164321187489493
9.092190426276543,0.001,0.11075585118467325
9.706773401983096,0.001,0.11736370556743726
8.621094643942204,0.001,0.10562336466510559
9.812129462279469,0.001,0.11848662177862299
10.200318295682566,0.001,0.12259951049023668
9.28501423574248,0.001,0.1128396746598521
10.175031334141215,0.001,0.12233276225968341
9.970504028489858,0.001,0.12016925948848343
8.892685778050108,0.001,0.10858949970393615
9.047609777404666,0.001,0.11027267950828612
11.081244757426546,0.001,0.13179211118241427
9.999653567754606,0.001,0.12047825669045292
